{"cameraMode":{"drawMode":0,"name":"Shaded","section":"Shading Mode"},"sceneLighting":true,"audioPlay":false,"sceneViewState":{"showFog":true,"showMaterialUpdate":false,"showSkybox":true,"showFlares":true,"showImageEffects":true,"showParticleSystems":true},"in2DMode":false,"pivot":{"x":22.35546875,"y":21.0107421875,"z":31.5472412109375},"rotation":{"x":-0.12002457678318024,"y":0.7556365728378296,"z":-0.14454154670238496,"w":-0.6274771690368652},"size":11.355672836303711,"orthographic":true}